Node,v_pu,θ_rad
1,1.019152,0.002975
2,1.02,0.007511
3,1.019492,0.003621
4,1.017766,-0.005179
5,1.018012,-0.00166
6,1.017497,-0.006245
7,1.017915,-0.002756
8,1.017161,-0.00381
9,1.019373,0.002213
10,1.019083,0.00159
11,1.019265,0.003021
